チケットID,トラッカー,チーム,工程,大分類,中分類,小分類,成果物,タスク,社/組織,担当,着手予定,着手実績,完了予定,完了実績
,サマリ,開発チーム,設計,システム設計,,,,,A社,,,,,
,サマリ,開発チーム,設計,システム設計,,,設計書,,A社,,,,,
,タスク,開発チーム,設計,システム設計,,,設計書,基本設計書作成,A社,田中,2026-01-10,2026-01-10,2026-01-20,2026-01-19
,タスク,開発チーム,設計,システム設計,,,設計書,詳細設計書作成,A社,山田,2026-01-15,2026-01-15,2026-01-25,
,サマリ,開発チーム,実装,システム実装,,,,,B社,,,,,
,サマリ,開発チーム,実装,システム実装,,,ソースコード,,B社,,,,,
,タスク,開発チーム,実装,システム実装,,,ソースコード,フロントエンド実装,B社,佐藤,2026-01-21,,2026-01-31,
,サマリ,テストチーム,テスト,結合テスト,,,,,A社,,,,,
,サマリ,テストチーム,テスト,結合テスト,,,テスト仕様書,,A社,,,,,
,タスク,テストチーム,テスト,結合テスト,,,テスト仕様書,テストケース作成,A社,鈴木,2026-02-01,,2026-02-10,
,サマリ,テストチーム,テスト,結合テスト,,,テスト報告書,,A社,,,,,
,タスク,テストチーム,テスト,結合テスト,,,テスト報告書,テスト実行,A社,高橋,2026-02-11,,2026-02-20,
