id,チーム,工程,大分類,中分類,小分類,成果物,タスク,社/組織,担当,着手予定,着手実績,完了予定,完了実績
HIER-001,基盤チーム,設計,認証システム,,,,,A社,,2026-01-10,,2026-02-28,
HIER-002,基盤チーム,設計,認証システム,ユーザー認証,,,,A社,,2026-01-10,,2026-01-31,
HIER-003,基盤チーム,設計,認証システム,ユーザー認証,ログイン機能,,,A社,,2026-01-10,,2026-01-20,
HIER-004,基盤チーム,設計,認証システム,ユーザー認証,ログイン機能,画面設計書,,A社,,2026-01-10,,2026-01-15,
HIER-005,基盤チーム,設計,認証システム,ユーザー認証,ログイン機能,画面設計書,ログイン画面設計,A社,田中,2026-01-10,2026-01-10,2026-01-15,2026-01-14
HIER-006,基盤チーム,設計,認証システム,ユーザー認証,ログイン機能,API設計書,,A社,,2026-01-12,,2026-01-18,
HIER-007,基盤チーム,設計,認証システム,ユーザー認証,ログイン機能,API設計書,認証API設計,A社,山田,2026-01-12,2026-01-12,2026-01-18,
HIER-008,基盤チーム,実装,認証システム,ユーザー認証,ログイン機能,ソースコード,,B社,,2026-01-16,,2026-01-25,
HIER-009,基盤チーム,実装,認証システム,ユーザー認証,ログイン機能,ソースコード,フロントエンド実装,B社,佐藤,2026-01-16,,2026-01-22,
HIER-010,基盤チーム,実装,認証システム,ユーザー認証,ログイン機能,ソースコード,バックエンド実装,B社,鈴木,2026-01-18,,2026-01-25,
